time_s,tcp_x_m,tcp_y_m,tcp_z_m,motion_stage,active_joint_name
0.000000000,0.239135021583,-0.000009799505,0.084900946846,reference_to_pregrasp,
0.050000000,0.239135012891,-0.000059874435,0.084900946713,reference_to_pregrasp,shoulder_pan
0.100000000,0.239134911702,-0.000210099188,0.084900946315,reference_to_pregrasp,shoulder_pan
0.150000000,0.239134492680,-0.000460473474,0.084900945650,reference_to_pregrasp,shoulder_pan
0.200000000,0.239133380264,-0.000810996177,0.084900944720,reference_to_pregrasp,shoulder_pan
0.250000000,0.239131048674,-0.001261664425,0.084900943524,reference_to_pregrasp,shoulder_pan
0.300000000,0.239126821923,-0.001812472269,0.084900942063,reference_to_pregrasp,shoulder_pan
0.350000000,0.239119873833,-0.002463408997,0.084900940335,reference_to_pregrasp,shoulder_pan
0.400000000,0.239109228079,-0.003214457069,0.084900938342,reference_to_pregrasp,shoulder_pan
0.450000000,0.239094768370,-0.004015524930,0.084900936217,reference_to_pregrasp,shoulder_pan
0.500000000,0.239077104515,-0.004816528543,0.084900934091,reference_to_pregrasp,shoulder_pan
0.550000000,0.239056236794,-0.005617455094,0.084900931966,reference_to_pregrasp,shoulder_pan
0.600000000,0.239032165543,-0.006418291766,0.084900929841,reference_to_pregrasp,shoulder_pan
0.650000000,0.239004891146,-0.007219025747,0.084900927716,reference_to_pregrasp,shoulder_pan
0.700000000,0.238974414041,-0.008019644225,0.084900925591,reference_to_pregrasp,shoulder_pan
0.750000000,0.238940734713,-0.008820134390,0.084900923467,reference_to_pregrasp,shoulder_pan
0.800000000,0.238903853703,-0.009620483434,0.084900921343,reference_to_pregrasp,shoulder_pan
0.850000000,0.238863771600,-0.010420678552,0.084900919220,reference_to_pregrasp,shoulder_pan
0.900000000,0.238820489046,-0.011220706940,0.084900917097,reference_to_pregrasp,shoulder_pan
0.950000000,0.238774006734,-0.012020555798,0.084900914974,reference_to_pregrasp,shoulder_pan
1.000000000,0.238724325406,-0.012820212328,0.084900912852,reference_to_pregrasp,shoulder_pan
1.050000000,0.238671445858,-0.013619663737,0.084900910731,reference_to_pregrasp,shoulder_pan
1.100000000,0.238615368936,-0.014418897232,0.084900908610,reference_to_pregrasp,shoulder_pan
1.150000000,0.238556095537,-0.015217900026,0.084900906490,reference_to_pregrasp,shoulder_pan
1.200000000,0.238493626610,-0.016016659335,0.084900904370,reference_to_pregrasp,shoulder_pan
1.250000000,0.238427963154,-0.016815162380,0.084900902252,reference_to_pregrasp,shoulder_pan
1.300000000,0.238359106219,-0.017613396383,0.084900900133,reference_to_pregrasp,shoulder_pan
1.350000000,0.238287056908,-0.018411348573,0.084900898016,reference_to_pregrasp,shoulder_pan
1.400000000,0.238211816373,-0.019209006183,0.084900895899,reference_to_pregrasp,shoulder_pan
1.450000000,0.238133385818,-0.020006356450,0.084900893783,reference_to_pregrasp,shoulder_pan
1.500000000,0.238051766498,-0.020803386618,0.084900891668,reference_to_pregrasp,shoulder_pan
1.550000000,0.237966959718,-0.021600083932,0.084900889554,reference_to_pregrasp,shoulder_pan
1.600000000,0.237878966836,-0.022396435647,0.084900887441,reference_to_pregrasp,shoulder_pan
1.650000000,0.237787789260,-0.023192429021,0.084900885329,reference_to_pregrasp,shoulder_pan
1.700000000,0.237693428448,-0.023988051317,0.084900883218,reference_to_pregrasp,shoulder_pan
1.750000000,0.237595885911,-0.024783289806,0.084900881107,reference_to_pregrasp,shoulder_pan
1.800000000,0.237495163208,-0.025578131764,0.084900878998,reference_to_pregrasp,shoulder_pan
1.850000000,0.237391261952,-0.026372564474,0.084900876890,reference_to_pregrasp,shoulder_pan
1.900000000,0.237284183804,-0.027166575224,0.084900874783,reference_to_pregrasp,shoulder_pan
1.950000000,0.237173930479,-0.027960151311,0.084900872677,reference_to_pregrasp,shoulder_pan
2.000000000,0.237060503740,-0.028753280037,0.084900870573,reference_to_pregrasp,shoulder_pan
2.050000000,0.236943905402,-0.029545948712,0.084900868469,reference_to_pregrasp,shoulder_pan
2.100000000,0.236824137330,-0.030338144653,0.084900866367,reference_to_pregrasp,shoulder_pan
2.150000000,0.236701201441,-0.031129855187,0.084900864266,reference_to_pregrasp,shoulder_pan
2.200000000,0.236575099702,-0.031921067644,0.084900862167,reference_to_pregrasp,shoulder_pan
2.250000000,0.236445834131,-0.032711769366,0.084900860068,reference_to_pregrasp,shoulder_pan
2.300000000,0.236313406795,-0.033501947701,0.084900857972,reference_to_pregrasp,shoulder_pan
2.350000000,0.236177819813,-0.034291590007,0.084900855876,reference_to_pregrasp,shoulder_pan
2.400000000,0.236039075356,-0.035080683650,0.084900853782,reference_to_pregrasp,shoulder_pan
2.450000000,0.235897175642,-0.035869216003,0.084900851690,reference_to_pregrasp,shoulder_pan
2.500000000,0.235752122942,-0.036657174451,0.084900849599,reference_to_pregrasp,shoulder_pan
2.550000000,0.235603919578,-0.037444546386,0.084900847510,reference_to_pregrasp,shoulder_pan
2.600000000,0.235452567919,-0.038231319210,0.084900845422,reference_to_pregrasp,shoulder_pan
2.650000000,0.235298070389,-0.039017480335,0.084900843336,reference_to_pregrasp,shoulder_pan
2.700000000,0.235140429459,-0.039803017182,0.084900841251,reference_to_pregrasp,shoulder_pan
2.750000000,0.234979647650,-0.040587917182,0.084900839168,reference_to_pregrasp,shoulder_pan
2.800000000,0.234815727536,-0.041372167778,0.084900837087,reference_to_pregrasp,shoulder_pan
2.850000000,0.234648671740,-0.042155756422,0.084900835008,reference_to_pregrasp,shoulder_pan
2.900000000,0.234478482934,-0.042938670575,0.084900832930,reference_to_pregrasp,shoulder_pan
2.950000000,0.234305163841,-0.043720897712,0.084900830855,reference_to_pregrasp,shoulder_pan
3.000000000,0.234128717234,-0.044502425316,0.084900828781,reference_to_pregrasp,shoulder_pan
3.050000000,0.233949145937,-0.045283240883,0.084900826709,reference_to_pregrasp,shoulder_pan
3.100000000,0.233766452823,-0.046063331921,0.084900824639,reference_to_pregrasp,shoulder_pan
3.150000000,0.233580640814,-0.046842685947,0.084900822571,reference_to_pregrasp,shoulder_pan
3.200000000,0.233391712884,-0.047621290493,0.084900820505,reference_to_pregrasp,shoulder_pan
3.250000000,0.233199711563,-0.048398974441,0.084900818441,reference_to_pregrasp,shoulder_pan
3.300000000,0.233018253005,-0.049121951007,0.084900816523,reference_to_pregrasp,shoulder_pan
3.350000000,0.232859003042,-0.049747241655,0.084900814863,reference_to_pregrasp,shoulder_pan
3.400000000,0.232722901319,-0.050275078535,0.084900813463,reference_to_pregrasp,shoulder_pan
3.450000000,0.232610740649,-0.050705661691,0.084900812320,reference_to_pregrasp,shoulder_pan
3.500000000,0.232523167500,-0.051039157077,0.084900811435,reference_to_pregrasp,shoulder_pan
3.550000000,0.232460682408,-0.051275694942,0.084900810807,reference_to_pregrasp,shoulder_pan
3.600000000,0.232423640296,-0.051415368569,0.084900810437,reference_to_pregrasp,shoulder_pan
3.647142909,0.232412208702,-0.051458391414,0.084900810323,reference_to_pregrasp,
3.697142909,0.232412208702,-0.051458391414,0.084900810323,reference_to_pregrasp,
3.747142909,0.232412208702,-0.051458391414,0.084900810323,reference_to_pregrasp,
3.797142909,0.232412208702,-0.051458391414,0.084900810323,reference_to_pregrasp,
3.847142909,0.232412208702,-0.051458391414,0.084900810323,reference_to_pregrasp,
3.897142909,0.232404544681,-0.051456354434,0.084858336172,reference_to_pregrasp,shoulder_lift
3.947142909,0.232381491046,-0.051450227131,0.084730925633,reference_to_pregrasp,shoulder_lift
3.997142909,0.232342863117,-0.051439960421,0.084518614608,reference_to_pregrasp,shoulder_lift
4.047142909,0.232289090897,-0.051425668598,0.084225466105,reference_to_pregrasp,shoulder_lift
4.097142909,0.232240937881,-0.051412870279,0.083965266975,reference_to_pregrasp,shoulder_lift
4.147142909,0.232208274513,-0.051404188869,0.083789985196,reference_to_pregrasp,shoulder_lift
4.197142909,0.232191354944,-0.051399691914,0.083699570326,reference_to_pregrasp,shoulder_lift
4.225428177,0.232188810520,-0.051399015647,0.083685995711,reference_to_pregrasp,
4.275428177,0.232188810520,-0.051399015647,0.083685995711,reference_to_pregrasp,
4.325428177,0.232188810520,-0.051399015647,0.083685995711,reference_to_pregrasp,
4.375428177,0.232188810520,-0.051399015647,0.083685995711,reference_to_pregrasp,
4.425428177,0.232188810520,-0.051399015647,0.083685995711,reference_to_pregrasp,
4.475428177,0.232224647112,-0.051408540060,0.083731285776,reference_to_pregrasp,elbow_flex
4.525428177,0.232332091219,-0.051437095845,0.083867211573,reference_to_pregrasp,elbow_flex
4.575428177,0.232510945690,-0.051484630607,0.084093939734,reference_to_pregrasp,elbow_flex
4.625428177,0.232760881498,-0.051551056900,0.084411747417,reference_to_pregrasp,elbow_flex
4.675428177,0.233081437064,-0.051636252052,0.084821021446,reference_to_pregrasp,elbow_flex
4.725428177,0.233472017333,-0.051740057915,0.085322257120,reference_to_pregrasp,elbow_flex
4.775428177,0.233887412457,-0.051850458917,0.085858450065,reference_to_pregrasp,elbow_flex
4.825428177,0.234233887065,-0.051942542681,0.086308159014,reference_to_pregrasp,elbow_flex
4.875428177,0.234509071563,-0.052015679428,0.086666957790,reference_to_pregrasp,elbow_flex
4.925428177,0.234713484934,-0.052070007088,0.086934417778,reference_to_pregrasp,elbow_flex
4.975428177,0.234847514399,-0.052105628571,0.087110221048,reference_to_pregrasp,elbow_flex
5.025428177,0.234911414643,-0.052122611564,0.087194159348,reference_to_pregrasp,elbow_flex
5.046065226,0.234917375965,-0.052124195926,0.087201994062,reference_to_pregrasp,
5.096065226,0.234917375965,-0.052124195926,0.087201994062,reference_to_pregrasp,
5.146065226,0.234917375965,-0.052124195926,0.087201994062,reference_to_pregrasp,
5.196065226,0.234917375965,-0.052124195926,0.087201994062,reference_to_pregrasp,
5.246065226,0.234917375965,-0.052124195926,0.087201994062,reference_to_pregrasp,
5.296065226,0.234880731114,-0.052114456790,0.087189714345,reference_to_pregrasp,wrist_flex
5.346065226,0.234770778776,-0.052085234655,0.087152932074,reference_to_pregrasp,wrist_flex
5.396065226,0.234587465731,-0.052036515377,0.087091817938,reference_to_pregrasp,wrist_flex
5.446065226,0.234330703739,-0.051968275506,0.087006656569,reference_to_pregrasp,wrist_flex
5.496065226,0.234000370226,-0.051880482466,0.086897846774,reference_to_pregrasp,wrist_flex
5.546065226,0.233596309249,-0.051773094814,0.086765901844,reference_to_pregrasp,wrist_flex
5.596065226,0.233118332737,-0.051646062567,0.086611449956,reference_to_pregrasp,wrist_flex
5.646065226,0.232566222015,-0.051499327610,0.086435234652,reference_to_pregrasp,wrist_flex
5.696065226,0.231976604460,-0.051342624437,0.086249634359,reference_to_pregrasp,wrist_flex
5.746065226,0.231386274129,-0.051185731834,0.086066475889,reference_to_pregrasp,wrist_flex
5.796065226,0.230795240466,-0.051028652314,0.085885762170,reference_to_pregrasp,wrist_flex
5.846065226,0.230203512928,-0.050871388390,0.085707496095,reference_to_pregrasp,wrist_flex
5.896065226,0.229611100983,-0.050713942577,0.085531680516,reference_to_pregrasp,wrist_flex
5.946065226,0.229018014110,-0.050556317394,0.085358318246,reference_to_pregrasp,wrist_flex
5.996065226,0.228424261797,-0.050398515364,0.085187412058,reference_to_pregrasp,wrist_flex
6.046065226,0.227829853545,-0.050240539012,0.085018964688,reference_to_pregrasp,wrist_flex
6.096065226,0.227234798864,-0.050082390865,0.084852978830,reference_to_pregrasp,wrist_flex
6.146065226,0.226639107276,-0.049924073454,0.084689457141,reference_to_pregrasp,wrist_flex
6.196065226,0.226042788310,-0.049765589311,0.084528402235,reference_to_pregrasp,wrist_flex
6.246065226,0.225445851509,-0.049606940972,0.084369816692,reference_to_pregrasp,wrist_flex
6.296065226,0.224848306424,-0.049448130976,0.084213703047,reference_to_pregrasp,wrist_flex
6.346065226,0.224250162614,-0.049289161864,0.084060063798,reference_to_pregrasp,wrist_flex
6.396065226,0.223651429651,-0.049130036179,0.083908901404,reference_to_pregrasp,wrist_flex
6.446065226,0.223052117113,-0.048970756467,0.083760218284,reference_to_pregrasp,wrist_flex
6.496065226,0.222452234591,-0.048811325277,0.083614016816,reference_to_pregrasp,wrist_flex
6.546065226,0.221851791681,-0.048651745159,0.083470299339,reference_to_pregrasp,wrist_flex
6.596065226,0.221250797992,-0.048492018667,0.083329068154,reference_to_pregrasp,wrist_flex
6.646065226,0.220649263139,-0.048332148357,0.083190325519,reference_to_pregrasp,wrist_flex
6.696065226,0.220047196747,-0.048172136786,0.083054073655,reference_to_pregrasp,wrist_flex
6.746065226,0.219444608448,-0.048011986514,0.082920314741,reference_to_pregrasp,wrist_flex
6.796065226,0.218841507884,-0.047851700105,0.082789050918,reference_to_pregrasp,wrist_flex
6.846065226,0.218237904705,-0.047691280122,0.082660284286,reference_to_pregrasp,wrist_flex
6.896065226,0.217633808568,-0.047530729132,0.082534016906,reference_to_pregrasp,wrist_flex
6.946065226,0.217029229139,-0.047370049704,0.082410250796,reference_to_pregrasp,wrist_flex
6.996065226,0.216424176091,-0.047209244409,0.082288987939,reference_to_pregrasp,wrist_flex
7.046065226,0.215818659104,-0.047048315820,0.082170230273,reference_to_pregrasp,wrist_flex
7.096065226,0.215212687868,-0.046887266512,0.082053979700,reference_to_pregrasp,wrist_flex
7.146065226,0.214606272078,-0.046726099061,0.081940238079,reference_to_pregrasp,wrist_flex
7.196065226,0.213999421436,-0.046564816046,0.081829007229,reference_to_pregrasp,wrist_flex
7.246065226,0.213392145652,-0.046403420048,0.081720288931,reference_to_pregrasp,wrist_flex
7.296065226,0.212784454442,-0.046241913648,0.081614084925,reference_to_pregrasp,wrist_flex
7.346065226,0.212176357530,-0.046080299432,0.081510396909,reference_to_pregrasp,wrist_flex
7.396065226,0.211567864645,-0.045918579985,0.081409226542,reference_to_pregrasp,wrist_flex
7.446065226,0.210958985522,-0.045756757894,0.081310575443,reference_to_pregrasp,wrist_flex
7.496065226,0.210349729904,-0.045594835749,0.081214445191,reference_to_pregrasp,wrist_flex
7.546065226,0.209740107539,-0.045432816140,0.081120837323,reference_to_pregrasp,wrist_flex
7.596065226,0.209130128181,-0.045270701659,0.081029753338,reference_to_pregrasp,wrist_flex
7.646065226,0.208519801590,-0.045108494902,0.080941194692,reference_to_pregrasp,wrist_flex
7.696065226,0.207909137530,-0.044946198461,0.080855162803,reference_to_pregrasp,wrist_flex
7.746065226,0.207298145772,-0.044783814936,0.080771659047,reference_to_pregrasp,wrist_flex
7.796065226,0.206686836093,-0.044621346923,0.080690684761,reference_to_pregrasp,wrist_flex
7.846065226,0.206075218273,-0.044458797022,0.080612241239,reference_to_pregrasp,wrist_flex
7.896065226,0.205463302098,-0.044296167833,0.080536329737,reference_to_pregrasp,wrist_flex
7.946065226,0.204851097358,-0.044133461960,0.080462951469,reference_to_pregrasp,wrist_flex
7.996065226,0.204238613849,-0.043970682005,0.080392107610,reference_to_pregrasp,wrist_flex
8.046065226,0.203625861372,-0.043807830573,0.080323799293,reference_to_pregrasp,wrist_flex
8.096065226,0.203012849728,-0.043644910270,0.080258027611,reference_to_pregrasp,wrist_flex
8.146065226,0.202399588728,-0.043481923701,0.080194793616,reference_to_pregrasp,wrist_flex
8.196065226,0.201786088182,-0.043318873475,0.080134098321,reference_to_pregrasp,wrist_flex
8.246065226,0.201172357908,-0.043155762201,0.080075942695,reference_to_pregrasp,wrist_flex
8.296065226,0.200558407724,-0.042992592488,0.080020327670,reference_to_pregrasp,wrist_flex
8.346065226,0.199944247454,-0.042829366947,0.079967254135,reference_to_pregrasp,wrist_flex
8.396065226,0.199329886924,-0.042666088190,0.079916722940,reference_to_pregrasp,wrist_flex
8.446065226,0.198715335965,-0.042502758830,0.079868734894,reference_to_pregrasp,wrist_flex
8.496065226,0.198100604409,-0.042339381478,0.079823290763,reference_to_pregrasp,wrist_flex
8.546065226,0.197485702091,-0.042175958751,0.079780391275,reference_to_pregrasp,wrist_flex
8.596065226,0.196870638850,-0.042012493261,0.079740037117,reference_to_pregrasp,wrist_flex
8.646065226,0.196255424528,-0.041848987625,0.079702228933,reference_to_pregrasp,wrist_flex
8.696065226,0.195640068966,-0.041685444460,0.079666967330,reference_to_pregrasp,wrist_flex
8.746065226,0.195024582012,-0.041521866380,0.079634252871,reference_to_pregrasp,wrist_flex
8.796065226,0.194408973513,-0.041358256004,0.079604086080,reference_to_pregrasp,wrist_flex
8.846065226,0.193793253319,-0.041194615950,0.079576467439,reference_to_pregrasp,wrist_flex
8.896065226,0.193177431281,-0.041030948835,0.079551397390,reference_to_pregrasp,wrist_flex
8.946065226,0.192561517252,-0.040867257279,0.079528876335,reference_to_pregrasp,wrist_flex
8.996065226,0.191945521087,-0.040703543901,0.079508904633,reference_to_pregrasp,wrist_flex
9.046065226,0.191329452642,-0.040539811319,0.079491482605,reference_to_pregrasp,wrist_flex
9.096065226,0.190713321774,-0.040376062154,0.079476610528,reference_to_pregrasp,wrist_flex
9.146065226,0.190097138341,-0.040212299025,0.079464288642,reference_to_pregrasp,wrist_flex
9.196065226,0.189480912202,-0.040048524553,0.079454517142,reference_to_pregrasp,wrist_flex
9.246065226,0.188864653216,-0.039884741358,0.079447296186,reference_to_pregrasp,wrist_flex
9.296065226,0.188248371244,-0.039720952061,0.079442625889,reference_to_pregrasp,wrist_flex
9.346065226,0.187632076147,-0.039557159283,0.079440506326,reference_to_pregrasp,wrist_flex
9.396065226,0.187015777784,-0.039393365643,0.079440937530,reference_to_pregrasp,wrist_flex
9.446065226,0.186399486017,-0.039229573763,0.079443919495,reference_to_pregrasp,wrist_flex
9.496065226,0.185783210706,-0.039065786263,0.079449452173,reference_to_pregrasp,wrist_flex
9.546065226,0.185166961712,-0.038902005765,0.079457535475,reference_to_pregrasp,wrist_flex
9.596065226,0.184550748894,-0.038738234887,0.079468169273,reference_to_pregrasp,wrist_flex
9.646065226,0.183934582112,-0.038574476252,0.079481353395,reference_to_pregrasp,wrist_flex
9.696065226,0.183318471226,-0.038410732478,0.079497087632,reference_to_pregrasp,wrist_flex
9.746065226,0.182702426091,-0.038247006186,0.079515371731,reference_to_pregrasp,wrist_flex
9.796065226,0.182100045515,-0.038086911530,0.079535718254,reference_to_pregrasp,wrist_flex
9.846065226,0.181568387125,-0.037945612711,0.079555704125,reference_to_pregrasp,wrist_flex
9.896065226,0.181113770450,-0.037824789269,0.079574302700,reference_to_pregrasp,wrist_flex
9.946065226,0.180736172663,-0.037724435134,0.079590808214,reference_to_pregrasp,wrist_flex
9.996065226,0.180435572252,-0.037644544587,0.079604634505,reference_to_pregrasp,wrist_flex
10.046065226,0.180211950431,-0.037585112635,0.079615314962,reference_to_pregrasp,wrist_flex
10.096065226,0.180065292274,-0.037546135309,0.079622502481,reference_to_pregrasp,wrist_flex
10.146065226,0.179995587550,-0.037527609891,0.079625969430,reference_to_pregrasp,wrist_flex
10.166358317,0.179989249999,-0.037525925561,0.079626286269,reference_to_pregrasp,
10.216358317,0.179989249999,-0.037525925561,0.079626286269,reference_to_pregrasp,
10.266358317,0.179989249999,-0.037525925561,0.079626286269,reference_to_pregrasp,
10.316358317,0.179989249999,-0.037525925561,0.079626286269,reference_to_pregrasp,
10.366358317,0.179989249999,-0.037525925561,0.079626286269,reference_to_pregrasp,
10.416358317,0.179988702628,-0.037527823977,0.079626286204,reference_to_pregrasp,wrist_roll
10.466358317,0.179987063365,-0.037533520046,0.079626286011,reference_to_pregrasp,wrist_roll
10.516358317,0.179984340754,-0.037543016221,0.079626285703,reference_to_pregrasp,wrist_roll
10.566358317,0.179980549045,-0.037556316568,0.079626285298,reference_to_pregrasp,wrist_roll
10.616358317,0.179975708202,-0.037573426728,0.079626284823,reference_to_pregrasp,wrist_roll
10.666358317,0.179969843915,-0.037594353870,0.079626284313,reference_to_pregrasp,wrist_roll
10.716358317,0.179962987623,-0.037619106624,0.079626283808,reference_to_pregrasp,wrist_roll
10.766358317,0.179955176530,-0.037647695004,0.079626283359,reference_to_pregrasp,wrist_roll
10.816358317,0.179946962925,-0.037678221330,0.079626283037,reference_to_pregrasp,wrist_roll
10.866358317,0.179938871490,-0.037708780266,0.079626282878,reference_to_pregrasp,wrist_roll
10.916358317,0.179930902355,-0.037739371324,0.079626282880,reference_to_pregrasp,wrist_roll
10.966358317,0.179923055648,-0.037769994013,0.079626283045,reference_to_pregrasp,wrist_roll
11.016358317,0.179915331495,-0.037800647843,0.079626283373,reference_to_pregrasp,wrist_roll
11.066358317,0.179907730017,-0.037831332325,0.079626283862,reference_to_pregrasp,wrist_roll
11.116358317,0.179900251339,-0.037862046968,0.079626284514,reference_to_pregrasp,wrist_roll
11.166358317,0.179892895578,-0.037892791279,0.079626285328,reference_to_pregrasp,wrist_roll
11.216358317,0.179885662852,-0.037923564767,0.079626286304,reference_to_pregrasp,wrist_roll
11.266358317,0.179878553279,-0.037954366940,0.079626287442,reference_to_pregrasp,wrist_roll
11.316358317,0.179871566970,-0.037985197305,0.079626288743,reference_to_pregrasp,wrist_roll
11.366358317,0.179864704038,-0.038016055368,0.079626290206,reference_to_pregrasp,wrist_roll
11.416358317,0.179857964593,-0.038046940636,0.079626291830,reference_to_pregrasp,wrist_roll
11.466358317,0.179851348742,-0.038077852615,0.079626293618,reference_to_pregrasp,wrist_roll
11.516358317,0.179844856592,-0.038108790809,0.079626295567,reference_to_pregrasp,wrist_roll
11.566358317,0.179838488247,-0.038139754725,0.079626297678,reference_to_pregrasp,wrist_roll
11.616358317,0.179832243807,-0.038170743866,0.079626299951,reference_to_pregrasp,wrist_roll
11.666358317,0.179826123373,-0.038201757736,0.079626302386,reference_to_pregrasp,wrist_roll
11.716358317,0.179820127044,-0.038232795841,0.079626304983,reference_to_pregrasp,wrist_roll
11.766358317,0.179814254914,-0.038263857682,0.079626307742,reference_to_pregrasp,wrist_roll
11.816358317,0.179808507079,-0.038294942763,0.079626310663,reference_to_pregrasp,wrist_roll
11.866358317,0.179802883629,-0.038326050587,0.079626313746,reference_to_pregrasp,wrist_roll
11.916358317,0.179797384655,-0.038357180656,0.079626316991,reference_to_pregrasp,wrist_roll
11.966358317,0.179792010245,-0.038388332471,0.079626320397,reference_to_pregrasp,wrist_roll
12.016358317,0.179786760485,-0.038419505535,0.079626323965,reference_to_pregrasp,wrist_roll
12.066358317,0.179781635458,-0.038450699348,0.079626327694,reference_to_pregrasp,wrist_roll
12.116358317,0.179776635247,-0.038481913412,0.079626331585,reference_to_pregrasp,wrist_roll
12.166358317,0.179771759933,-0.038513147226,0.079626335638,reference_to_pregrasp,wrist_roll
12.216358317,0.179767009592,-0.038544400292,0.079626339852,reference_to_pregrasp,wrist_roll
12.266358317,0.179762384301,-0.038575672110,0.079626344227,reference_to_pregrasp,wrist_roll
12.316358317,0.179757884133,-0.038606962178,0.079626348763,reference_to_pregrasp,wrist_roll
12.366358317,0.179753509162,-0.038638269997,0.079626353461,reference_to_pregrasp,wrist_roll
12.416358317,0.179749259456,-0.038669595064,0.079626358320,reference_to_pregrasp,wrist_roll
12.466358317,0.179745135084,-0.038700936880,0.079626363340,reference_to_pregrasp,wrist_roll
12.516358317,0.179741136113,-0.038732294943,0.079626368521,reference_to_pregrasp,wrist_roll
12.566358317,0.179737262604,-0.038763668751,0.079626373863,reference_to_pregrasp,wrist_roll
12.616358317,0.179733514622,-0.038795057801,0.079626379366,reference_to_pregrasp,wrist_roll
12.666358317,0.179729892225,-0.038826461592,0.079626385029,reference_to_pregrasp,wrist_roll
12.716358317,0.179726395473,-0.038857879622,0.079626390853,reference_to_pregrasp,wrist_roll
12.766358317,0.179723024419,-0.038889311387,0.079626396838,reference_to_pregrasp,wrist_roll
12.816358317,0.179719779120,-0.038920756385,0.079626402983,reference_to_pregrasp,wrist_roll
12.866358317,0.179716659626,-0.038952214112,0.079626409288,reference_to_pregrasp,wrist_roll
12.916358317,0.179713665987,-0.038983684066,0.079626415753,reference_to_pregrasp,wrist_roll
12.966358317,0.179710798252,-0.039015165742,0.079626422379,reference_to_pregrasp,wrist_roll
13.016358317,0.179708056466,-0.039046658638,0.079626429165,reference_to_pregrasp,wrist_roll
13.066358317,0.179705440673,-0.039078162248,0.079626436111,reference_to_pregrasp,wrist_roll
13.116358317,0.179702950915,-0.039109676070,0.079626443216,reference_to_pregrasp,wrist_roll
13.166358317,0.179700587231,-0.039141199598,0.079626450481,reference_to_pregrasp,wrist_roll
13.216358317,0.179698349660,-0.039172732329,0.079626457906,reference_to_pregrasp,wrist_roll
13.266358317,0.179696238238,-0.039204273758,0.079626465490,reference_to_pregrasp,wrist_roll
13.316358317,0.179694252998,-0.039235823380,0.079626473234,reference_to_pregrasp,wrist_roll
13.366358317,0.179692393972,-0.039267380691,0.079626481136,reference_to_pregrasp,wrist_roll
13.416358317,0.179690661189,-0.039298945185,0.079626489198,reference_to_pregrasp,wrist_roll
13.466358317,0.179689085575,-0.039329884790,0.079626497253,reference_to_pregrasp,wrist_roll
13.516358317,0.179687793065,-0.039357255109,0.079626504505,reference_to_pregrasp,wrist_roll
13.566358317,0.179686762311,-0.039380681765,0.079626510805,reference_to_pregrasp,wrist_roll
13.616358317,0.179685958182,-0.039400162995,0.079626516110,reference_to_pregrasp,wrist_roll
13.666358317,0.179685351462,-0.039415697467,0.079626520383,reference_to_pregrasp,wrist_roll
13.716358317,0.179684918851,-0.039427284207,0.079626523595,reference_to_pregrasp,wrist_roll
13.766358317,0.179684642970,-0.039434922534,0.079626525724,reference_to_pregrasp,wrist_roll
13.816358317,0.179684512362,-0.039438612027,0.079626526756,reference_to_pregrasp,wrist_roll
13.838072205,0.179684499275,-0.039438984418,0.079626526860,reference_to_pregrasp,
13.888072205,0.179684499275,-0.039438984418,0.079626526860,reference_to_pregrasp,
13.938072205,0.179684499275,-0.039438984418,0.079626526860,reference_to_pregrasp,
13.988072205,0.179684499275,-0.039438984418,0.079626526860,reference_to_pregrasp,
14.038072205,0.179684499275,-0.039438984418,0.079626526860,reference_to_pregrasp,
14.088072205,0.179684499275,-0.039438984418,0.079626526860,reference_to_pregrasp_to_next,
14.138072205,0.179684499275,-0.039438984418,0.079626526860,reference_to_pregrasp_to_next,
14.188072205,0.179684499275,-0.039438984418,0.079626526860,reference_to_pregrasp_to_next,
14.238072205,0.179684499275,-0.039438984418,0.079626526860,reference_to_pregrasp_to_next,
14.288072205,0.179684499275,-0.039438984418,0.079626526860,reference_to_pregrasp_to_next,
14.338072205,0.179684499275,-0.039438984418,0.079626526860,reference_to_pregrasp_to_next,
14.388072205,0.179684499275,-0.039438984418,0.079626526860,reference_to_pregrasp_to_next,
14.438072205,0.179684499275,-0.039438984418,0.079626526860,reference_to_pregrasp_to_next,
14.488072205,0.179684499275,-0.039438984418,0.079626526860,reference_to_pregrasp_to_next,
14.538072205,0.179684499275,-0.039438984418,0.079626526860,reference_to_pregrasp_to_next,
14.588072205,0.179674635141,-0.039474195485,0.079626526767,pregrasp_to_descend,shoulder_pan
14.638072205,0.179644989927,-0.039579813875,0.079626526487,pregrasp_to_descend,shoulder_pan
14.688072205,0.179601744686,-0.039733342562,0.079626526079,pregrasp_to_descend,shoulder_pan
14.738072205,0.179574486786,-0.039829785009,0.079626525823,pregrasp_to_descend,shoulder_pan
14.781591220,0.179566940891,-0.039856438955,0.079626525753,pregrasp_to_descend,
14.831591220,0.179566940891,-0.039856438955,0.079626525753,pregrasp_to_descend,
14.881591220,0.179566940891,-0.039856438955,0.079626525753,pregrasp_to_descend,
14.931591220,0.179566940891,-0.039856438955,0.079626525753,pregrasp_to_descend,
14.981591220,0.179566940891,-0.039856438955,0.079626525753,pregrasp_to_descend,
15.031591220,0.179558011242,-0.039854037276,0.079597563252,pregrasp_to_descend,shoulder_lift
15.081591220,0.179531180348,-0.039846820955,0.079510689632,pregrasp_to_descend,shoulder_lift
15.131591220,0.179486322395,-0.039834756156,0.079365946651,pregrasp_to_descend,shoulder_lift
15.181591220,0.179423227805,-0.039817786514,0.079163404268,pregrasp_to_descend,shoulder_lift
15.231591220,0.179341603408,-0.039795833182,0.078903161184,pregrasp_to_descend,shoulder_lift
15.281591220,0.179241072678,-0.039768794894,0.078585345602,pregrasp_to_descend,shoulder_lift
15.331591220,0.179131618316,-0.039739356555,0.078242634487,pregrasp_to_descend,shoulder_lift
15.381591220,0.179038694551,-0.039714364216,0.077954328271,pregrasp_to_descend,shoulder_lift
15.431591220,0.178963860139,-0.039694237110,0.077723873647,pregrasp_to_descend,shoulder_lift
15.481591220,0.178907449228,-0.039679065102,0.077551155380,pregrasp_to_descend,shoulder_lift
15.531591220,0.178869712152,-0.039668915521,0.077436086302,pregrasp_to_descend,shoulder_lift
15.581591220,0.178850815644,-0.039663833208,0.077378607951,pregrasp_to_descend,shoulder_lift
15.606519063,0.178848461863,-0.039663200147,0.077371454933,pregrasp_to_descend,
15.656519063,0.178848461863,-0.039663200147,0.077371454933,pregrasp_to_descend,
15.706519063,0.178848461863,-0.039663200147,0.077371454933,pregrasp_to_descend,
15.756519063,0.178848461863,-0.039663200147,0.077371454933,pregrasp_to_descend,
15.806519063,0.178848461863,-0.039663200147,0.077371454933,pregrasp_to_descend,
15.856519063,0.178811071212,-0.039653143959,0.077340378053,pregrasp_to_descend,elbow_flex
15.906519063,0.178698854259,-0.039622963292,0.077247205505,pregrasp_to_descend,elbow_flex
15.956519063,0.178511676148,-0.039572621877,0.077092111684,pregrasp_to_descend,elbow_flex
16.006519063,0.178249312582,-0.039502059391,0.076875387635,pregrasp_to_descend,elbow_flex
16.056519063,0.177911450534,-0.039411191648,0.076597441632,pregrasp_to_descend,elbow_flex
16.106519063,0.177497689228,-0.039299910861,0.076258799987,pregrasp_to_descend,elbow_flex
16.156519063,0.177007541418,-0.039168085989,0.075860108085,pregrasp_to_descend,elbow_flex
16.206519063,0.176440434951,-0.039015563155,0.075402131630,pregrasp_to_descend,elbow_flex
16.256519063,0.175833697968,-0.038852381736,0.074916054449,pregrasp_to_descend,elbow_flex
16.306519063,0.175225088254,-0.038688696657,0.074432494341,pregrasp_to_descend,elbow_flex
16.356519063,0.174614615546,-0.038524510539,0.073951459042,pregrasp_to_descend,elbow_flex
16.406519063,0.174002289612,-0.038359826007,0.073472956250,pregrasp_to_descend,elbow_flex
16.456519063,0.173388120249,-0.038194645698,0.072996993619,pregrasp_to_descend,elbow_flex
16.506519063,0.172772117283,-0.038028972253,0.072523578766,pregrasp_to_descend,elbow_flex
16.556519063,0.172154290571,-0.037862808324,0.072052719264,pregrasp_to_descend,elbow_flex
16.606519063,0.171534649998,-0.037696156568,0.071584422649,pregrasp_to_descend,elbow_flex
16.656519063,0.170913205478,-0.037529019654,0.071118696412,pregrasp_to_descend,elbow_flex
16.706519063,0.170289966954,-0.037361400254,0.070655548006,pregrasp_to_descend,elbow_flex
16.756519063,0.169664944398,-0.037193301051,0.070194984840,pregrasp_to_descend,elbow_flex
16.806519063,0.169038147810,-0.037024724735,0.069737014283,pregrasp_to_descend,elbow_flex
16.856519063,0.168409587220,-0.036855674001,0.069281643664,pregrasp_to_descend,elbow_flex
16.906519063,0.167779272684,-0.036686151556,0.068828880267,pregrasp_to_descend,elbow_flex
16.956519063,0.167147214286,-0.036516160112,0.068378731338,pregrasp_to_descend,elbow_flex
17.006519063,0.166513422141,-0.036345702388,0.067931204078,pregrasp_to_descend,elbow_flex
17.056519063,0.165877906388,-0.036174781113,0.067486305648,pregrasp_to_descend,elbow_flex
17.106519063,0.165240677196,-0.036003399019,0.067044043167,pregrasp_to_descend,elbow_flex
17.156519063,0.164601744761,-0.035831558851,0.066604423710,pregrasp_to_descend,elbow_flex
17.206519063,0.163961119305,-0.035659263356,0.066167454312,pregrasp_to_descend,elbow_flex
17.256519063,0.163318811078,-0.035486515292,0.065733141963,pregrasp_to_descend,elbow_flex
17.306519063,0.162674830358,-0.035313317423,0.065301493614,pregrasp_to_descend,elbow_flex
17.356519063,0.162029187448,-0.035139672521,0.064872516169,pregrasp_to_descend,elbow_flex
17.406519063,0.161381892678,-0.034965583362,0.064446216494,pregrasp_to_descend,elbow_flex
17.456519063,0.160732956406,-0.034791052733,0.064022601408,pregrasp_to_descend,elbow_flex
17.506519063,0.160082389013,-0.034616083426,0.063601677690,pregrasp_to_descend,elbow_flex
17.556519063,0.159430200909,-0.034440678241,0.063183452074,pregrasp_to_descend,elbow_flex
17.606519063,0.158776402529,-0.034264839985,0.062767931253,pregrasp_to_descend,elbow_flex
17.656519063,0.158121004334,-0.034088571469,0.062355121873,pregrasp_to_descend,elbow_flex
17.706519063,0.157464016810,-0.033911875516,0.061945030540,pregrasp_to_descend,elbow_flex
17.756519063,0.156805450470,-0.033734754952,0.061537663817,pregrasp_to_descend,elbow_flex
17.806519063,0.156145315849,-0.033557212610,0.061133028219,pregrasp_to_descend,elbow_flex
17.856519063,0.155506184557,-0.033385319096,0.060744772735,pregrasp_to_descend,elbow_flex
17.906519063,0.154945742013,-0.033234588824,0.060407138327,pregrasp_to_descend,elbow_flex
17.956519063,0.154467315353,-0.033105916620,0.060120986136,pregrasp_to_descend,elbow_flex
18.006519063,0.154071323226,-0.032999415075,0.059885575503,pregrasp_to_descend,elbow_flex
18.056519063,0.153758109022,-0.032915176543,0.059700292757,pregrasp_to_descend,elbow_flex
18.106519063,0.153527942355,-0.032853273534,0.059564652107,pregrasp_to_descend,elbow_flex
18.156519063,0.153381020230,-0.032813759031,0.059478296345,pregrasp_to_descend,elbow_flex
18.206519063,0.153317467903,-0.032796666720,0.059440997354,pregrasp_to_descend,elbow_flex
18.219609754,0.153314608425,-0.032795897668,0.059439319899,pregrasp_to_descend,
18.269609754,0.153314608425,-0.032795897668,0.059439319899,pregrasp_to_descend,
18.319609754,0.153314608425,-0.032795897668,0.059439319899,pregrasp_to_descend,
18.369609754,0.153314608425,-0.032795897668,0.059439319899,pregrasp_to_descend,
18.419609754,0.153314608425,-0.032795897668,0.059439319899,pregrasp_to_descend,
18.469609754,0.153352102480,-0.032805981560,0.059430330657,pregrasp_to_descend,wrist_flex
18.519609754,0.153464597647,-0.032836236733,0.059403421175,pregrasp_to_descend,wrist_flex
18.569609754,0.153652132802,-0.032886673644,0.059358766217,pregrasp_to_descend,wrist_flex
18.619609754,0.153914772264,-0.032957309591,0.059296657167,pregrasp_to_descend,wrist_flex
18.669609754,0.154252605097,-0.033048168529,0.059217502198,pregrasp_to_descend,wrist_flex
18.719609754,0.154665744121,-0.033159280803,0.059121826496,pregrasp_to_descend,wrist_flex
18.769609754,0.155154324645,-0.033290682804,0.059010272547,pregrasp_to_descend,wrist_flex
18.819609754,0.155718502914,-0.033442416556,0.058883600483,pregrasp_to_descend,wrist_flex
18.869609754,0.156320794108,-0.033604400652,0.058750899435,pregrasp_to_descend,wrist_flex
18.919609754,0.156923593070,-0.033766521317,0.058620694216,pregrasp_to_descend,wrist_flex
18.969609754,0.157526890155,-0.033928775957,0.058492986909,pregrasp_to_descend,wrist_flex
19.019609754,0.158130675711,-0.034091161977,0.058367779557,pregrasp_to_descend,wrist_flex
19.069609754,0.158734940077,-0.034253676778,0.058245074164,pregrasp_to_descend,wrist_flex
19.119609754,0.159339673585,-0.034416317760,0.058124872693,pregrasp_to_descend,wrist_flex
19.169609754,0.159944866558,-0.034579082321,0.058007177067,pregrasp_to_descend,wrist_flex
19.219609754,0.160550509315,-0.034741967856,0.057891989170,pregrasp_to_descend,wrist_flex
19.269609754,0.161156592164,-0.034904971759,0.057779310844,pregrasp_to_descend,wrist_flex
19.319609754,0.161763105409,-0.035068091423,0.057669143892,pregrasp_to_descend,wrist_flex
19.369609754,0.162370039345,-0.035231324237,0.057561490077,pregrasp_to_descend,wrist_flex
19.419609754,0.162977384261,-0.035394667589,0.057456351121,pregrasp_to_descend,wrist_flex
19.469609754,0.163585130440,-0.035558118867,0.057353728707,pregrasp_to_descend,wrist_flex
19.519609754,0.164193268157,-0.035721675455,0.057253624476,pregrasp_to_descend,wrist_flex
19.569609754,0.164801787683,-0.035885334735,0.057156040031,pregrasp_to_descend,wrist_flex
19.619609754,0.165410679282,-0.036049094090,0.057060976931,pregrasp_to_descend,wrist_flex
19.669609754,0.166019933210,-0.036212950899,0.056968436700,pregrasp_to_descend,wrist_flex
19.719609754,0.166629539721,-0.036376902541,0.056878420816,pregrasp_to_descend,wrist_flex
19.769609754,0.167239489060,-0.036540946393,0.056790930721,pregrasp_to_descend,wrist_flex
19.819609754,0.167849771468,-0.036705079828,0.056705967815,pregrasp_to_descend,wrist_flex
19.869609754,0.168460377181,-0.036869300223,0.056623533456,pregrasp_to_descend,wrist_flex
19.919609754,0.169071296428,-0.037033604948,0.056543628963,pregrasp_to_descend,wrist_flex
19.969609754,0.169682519436,-0.037197991376,0.056466255616,pregrasp_to_descend,wrist_flex
20.019609754,0.170294036425,-0.037362456876,0.056391414651,pregrasp_to_descend,wrist_flex
20.069609754,0.170905837610,-0.037526998816,0.056319107267,pregrasp_to_descend,wrist_flex
20.119609754,0.171517913203,-0.037691614564,0.056249334621,pregrasp_to_descend,wrist_flex
20.169609754,0.172130253410,-0.037856301486,0.056182097828,pregrasp_to_descend,wrist_flex
20.219609754,0.172742848434,-0.038021056947,0.056117397965,pregrasp_to_descend,wrist_flex
20.269609754,0.173355688474,-0.038185878311,0.056055236067,pregrasp_to_descend,wrist_flex
20.319609754,0.173968763724,-0.038350762940,0.055995613127,pregrasp_to_descend,wrist_flex
20.369609754,0.174582064374,-0.038515708198,0.055938530102,pregrasp_to_descend,wrist_flex
20.419609754,0.175195580613,-0.038680711444,0.055883987903,pregrasp_to_descend,wrist_flex
20.469609754,0.175809302624,-0.038845770038,0.055831987403,pregrasp_to_descend,wrist_flex
20.519609754,0.176423220587,-0.039010881340,0.055782529434,pregrasp_to_descend,wrist_flex
20.569609754,0.177037324679,-0.039176042708,0.055735614788,pregrasp_to_descend,wrist_flex
20.619609754,0.177651605076,-0.039341251499,0.055691244216,pregrasp_to_descend,wrist_flex
20.669609754,0.178253938715,-0.039503247253,0.055650218286,pregrasp_to_descend,wrist_flex
20.719609754,0.178786973768,-0.039646605375,0.055615960383,pregrasp_to_descend,wrist_flex
20.769609754,0.179243273852,-0.039769325868,0.055588160881,pregrasp_to_descend,wrist_flex
20.819609754,0.179622794504,-0.039871396774,0.055566111263,pregrasp_to_descend,wrist_flex
20.869609754,0.179925501329,-0.039952808841,0.055549222165,pregrasp_to_descend,wrist_flex
20.919609754,0.180151368576,-0.040013555142,0.055537023463,pregrasp_to_descend,wrist_flex
20.969609754,0.180300378003,-0.040053630769,0.055529164348,pregrasp_to_descend,wrist_flex
21.019609754,0.180372518031,-0.040073032607,0.055525413374,pregrasp_to_descend,wrist_flex
21.041530204,0.180379905892,-0.040075019550,0.055525031221,pregrasp_to_descend,
21.091530204,0.180379905892,-0.040075019550,0.055525031221,pregrasp_to_descend,
21.141530204,0.180379905892,-0.040075019550,0.055525031221,pregrasp_to_descend,
21.191530204,0.180379905892,-0.040075019550,0.055525031221,pregrasp_to_descend,
21.241530204,0.180379905892,-0.040075019550,0.055525031221,pregrasp_to_descend,
21.291530204,0.180379830940,-0.040076993880,0.055525030532,pregrasp_to_descend,wrist_roll
21.341530204,0.180379609049,-0.040082916983,0.055525028461,pregrasp_to_descend,wrist_roll
21.391530204,0.180379306503,-0.040091191847,0.055525025556,pregrasp_to_descend,wrist_roll
21.441530204,0.180379133235,-0.040096041200,0.055525023848,pregrasp_to_descend,wrist_roll
21.477930191,0.180379096236,-0.040097087663,0.055525023478,pregrasp_to_descend,
21.527930191,0.180379096236,-0.040097087663,0.055525023478,pregrasp_to_descend,
21.577930191,0.180379096236,-0.040097087663,0.055525023478,pregrasp_to_descend,
21.627930191,0.180379096236,-0.040097087663,0.055525023478,pregrasp_to_descend,
21.677930191,0.180379096236,-0.040097087663,0.055525023478,pregrasp_to_descend,
21.727930191,0.180379096236,-0.040097087663,0.055525023478,pregrasp_to_descend_to_next,
21.777930191,0.180379096236,-0.040097087663,0.055525023478,pregrasp_to_descend_to_next,
21.827930191,0.180379096236,-0.040097087663,0.055525023478,pregrasp_to_descend_to_next,
21.877930191,0.180379096236,-0.040097087663,0.055525023478,pregrasp_to_descend_to_next,
21.927930191,0.180379096236,-0.040097087663,0.055525023478,pregrasp_to_descend_to_next,
21.977930191,0.180379096236,-0.040097087663,0.055525023478,pregrasp_to_descend_to_next,
22.027930191,0.180379096236,-0.040097087663,0.055525023478,pregrasp_to_descend_to_next,
22.077930191,0.180379096236,-0.040097087663,0.055525023478,pregrasp_to_descend_to_next,
22.127930191,0.180379096236,-0.040097087663,0.055525023478,pregrasp_to_descend_to_next,
22.177930191,0.180379096236,-0.040097087663,0.055525023478,pregrasp_to_descend_to_next,
22.227930191,0.180378294946,-0.040099916129,0.055525023471,descend_to_lift,
22.277930191,0.180393036109,-0.040103881115,0.055554200733,descend_to_lift,shoulder_lift
22.327930191,0.180437217327,-0.040115764703,0.055641755402,descend_to_lift,shoulder_lift
22.377930191,0.180510711734,-0.040135532770,0.055787756026,descend_to_lift,shoulder_lift
22.427930191,0.180613307703,-0.040163128396,0.055992316479,descend_to_lift,shoulder_lift
22.477930191,0.180744708572,-0.040198471788,0.056255595423,descend_to_lift,shoulder_lift
22.527930191,0.180904532262,-0.040241460180,0.056577795532,descend_to_lift,shoulder_lift
22.577930191,0.181089003692,-0.040291078176,0.056952419401,descend_to_lift,shoulder_lift
22.627930191,0.181256204721,-0.040336050893,0.057294546652,descend_to_lift,shoulder_lift
22.677930191,0.181393959496,-0.040373103340,0.057578292531,descend_to_lift,shoulder_lift
22.727930191,0.181502678175,-0.040402345836,0.057803441308,descend_to_lift,shoulder_lift
22.777930191,0.181582686451,-0.040423865983,0.057969823202,descend_to_lift,shoulder_lift
22.827930191,0.181634225144,-0.040437728553,0.058077313540,descend_to_lift,shoulder_lift
22.877930191,0.181657449892,-0.040443975407,0.058125832139,descend_to_lift,shoulder_lift
22.894042766,0.181658915827,-0.040444369705,0.058128896292,descend_to_lift,
22.944042766,0.181658915827,-0.040444369705,0.058128896292,descend_to_lift,
22.994042766,0.181658915827,-0.040444369705,0.058128896292,descend_to_lift,
23.044042766,0.181658915827,-0.040444369705,0.058128896292,descend_to_lift,
23.094042766,0.181658915827,-0.040444369705,0.058128896292,descend_to_lift,
23.144042766,0.181700887914,-0.040455658961,0.058161353399,descend_to_lift,elbow_flex
23.194042766,0.181826757143,-0.040489514076,0.058258789902,descend_to_lift,elbow_flex
23.244042766,0.182036382257,-0.040545897058,0.058421401222,descend_to_lift,elbow_flex
23.294042766,0.182329527305,-0.040624744445,0.058649512659,descend_to_lift,elbow_flex
23.344042766,0.182705860854,-0.040725967092,0.058943578773,descend_to_lift,elbow_flex
23.394042766,0.183164954898,-0.040849449882,0.059304182527,descend_to_lift,elbow_flex
23.444042766,0.183706283454,-0.040995051342,0.059732034174,descend_to_lift,elbow_flex
23.494042766,0.184329220850,-0.041162603190,0.060227969882,descend_to_lift,elbow_flex
23.544042766,0.184991702852,-0.041340791386,0.060759630268,descend_to_lift,elbow_flex
23.594042766,0.185652125904,-0.041518425796,0.061294030503,descend_to_lift,elbow_flex
23.644042766,0.186310479439,-0.041695503579,0.061831162037,descend_to_lift,elbow_flex
23.694042766,0.186966752924,-0.041872021901,0.062371016274,descend_to_lift,elbow_flex
23.744042766,0.187620935859,-0.042047977938,0.062913584578,descend_to_lift,elbow_flex
23.794042766,0.188273017775,-0.042223368875,0.063458858267,descend_to_lift,elbow_flex
23.844042766,0.188922988241,-0.042398191905,0.064006828617,descend_to_lift,elbow_flex
23.894042766,0.189570836857,-0.042572444231,0.064557486860,descend_to_lift,elbow_flex
23.944042766,0.190216553256,-0.042746123065,0.065110824186,descend_to_lift,elbow_flex
23.994042766,0.190860127108,-0.042919225629,0.065666831742,descend_to_lift,elbow_flex
24.044042766,0.191501548116,-0.043091749152,0.066225500631,descend_to_lift,elbow_flex
24.094042766,0.192140806016,-0.043263690875,0.066786821915,descend_to_lift,elbow_flex
24.144042766,0.192777890580,-0.043435048046,0.067350786613,descend_to_lift,elbow_flex
24.194042766,0.193412791616,-0.043605817924,0.067917385701,descend_to_lift,elbow_flex
24.244042766,0.194045498965,-0.043775997776,0.068486610113,descend_to_lift,elbow_flex
24.294042766,0.194676002503,-0.043945584879,0.069058450743,descend_to_lift,elbow_flex
24.344042766,0.195304292143,-0.044114576520,0.069632898440,descend_to_lift,elbow_flex
24.394042766,0.195930357831,-0.044282969995,0.070209944013,descend_to_lift,elbow_flex
24.444042766,0.196554189551,-0.044450762610,0.070789578230,descend_to_lift,elbow_flex
24.494042766,0.197175777322,-0.044617951680,0.071371791817,descend_to_lift,elbow_flex
24.544042766,0.197795111198,-0.044784534531,0.071956575458,descend_to_lift,elbow_flex
24.594042766,0.198412181270,-0.044950508496,0.072543919797,descend_to_lift,elbow_flex
24.644042766,0.199026977664,-0.045115870920,0.073133815436,descend_to_lift,elbow_flex
24.694042766,0.199639490545,-0.045280619158,0.073726252936,descend_to_lift,elbow_flex
24.744042766,0.200249710111,-0.045444750573,0.074321222820,descend_to_lift,elbow_flex
24.794042766,0.200857626599,-0.045608262539,0.074918715567,descend_to_lift,elbow_flex
24.844042766,0.201463230284,-0.045771152441,0.075518721617,descend_to_lift,elbow_flex
24.894042766,0.202066511474,-0.045933417672,0.076121231371,descend_to_lift,elbow_flex
24.944042766,0.202667460517,-0.046095055635,0.076726235188,descend_to_lift,elbow_flex
24.994042766,0.203266067799,-0.046256063745,0.077333723388,descend_to_lift,elbow_flex
25.044042766,0.203862323741,-0.046416439425,0.077943686252,descend_to_lift,elbow_flex
25.094042766,0.204426765254,-0.046568257952,0.078525625686,descend_to_lift,elbow_flex
25.144042766,0.204915660021,-0.046699756587,0.079033270659,descend_to_lift,elbow_flex
25.194042766,0.205329301079,-0.046811014145,0.079465407429,descend_to_lift,elbow_flex
25.244042766,0.205668310978,-0.046902198071,0.079821389925,descend_to_lift,elbow_flex
25.294042766,0.205933203437,-0.046973446537,0.080100689536,descend_to_lift,elbow_flex
25.344042766,0.206124382065,-0.047024868101,0.080302893788,descend_to_lift,elbow_flex
25.394042766,0.206242139361,-0.047056541435,0.080427705302,descend_to_lift,elbow_flex
25.444042766,0.206286655999,-0.047068515133,0.080474941036,descend_to_lift,elbow_flex
25.449461172,0.206287085595,-0.047068630682,0.080475397013,descend_to_lift,
25.499461172,0.206287085595,-0.047068630682,0.080475397013,descend_to_lift,
25.549461172,0.206287085595,-0.047068630682,0.080475397013,descend_to_lift,
25.599461172,0.206287085595,-0.047068630682,0.080475397013,descend_to_lift,
25.649461172,0.206287085595,-0.047068630682,0.080475397013,descend_to_lift,
25.699461172,0.206248918015,-0.047058364792,0.080470284479,descend_to_lift,wrist_flex
25.749461172,0.206134407884,-0.047027565134,0.080455006167,descend_to_lift,wrist_flex
25.799461172,0.205943533180,-0.046976225786,0.080429739961,descend_to_lift,wrist_flex
25.849461172,0.205676257674,-0.046904337003,0.080394782396,descend_to_lift,wrist_flex
25.899461172,0.205332531647,-0.046811885415,0.080350548755,descend_to_lift,wrist_flex
25.949461172,0.204912292895,-0.046698854291,0.080297573190,descend_to_lift,wrist_flex
25.999461172,0.204415468017,-0.046565223891,0.080236508883,descend_to_lift,wrist_flex
26.049461172,0.203841973994,-0.046410971887,0.080168128220,descend_to_lift,wrist_flex
26.099461172,0.203229978738,-0.046246364259,0.080097644083,descend_to_lift,wrist_flex
26.149461172,0.202617716116,-0.046081684725,0.080029695487,descend_to_lift,wrist_flex
26.199461172,0.202005195926,-0.045916935919,0.079964283518,descend_to_lift,wrist_flex
26.249461172,0.201392427967,-0.045752120479,0.079901409224,descend_to_lift,wrist_flex
26.299461172,0.200779422043,-0.045587241040,0.079841073611,descend_to_lift,wrist_flex
26.349461172,0.200166187962,-0.045422300241,0.079783277643,descend_to_lift,wrist_flex
26.399461172,0.199552735537,-0.045257300720,0.079728022246,descend_to_lift,wrist_flex
26.449461172,0.198939074583,-0.045092245119,0.079675308303,descend_to_lift,wrist_flex
26.499461172,0.198325214917,-0.044927136078,0.079625136659,descend_to_lift,wrist_flex
26.549461172,0.197711166363,-0.044761976237,0.079577508115,descend_to_lift,wrist_flex
26.599461172,0.197096938744,-0.044596768242,0.079532423434,descend_to_lift,wrist_flex
26.649461172,0.196482541888,-0.044431514733,0.079489883338,descend_to_lift,wrist_flex
26.699461172,0.195867985625,-0.044266218356,0.079449888506,descend_to_lift,wrist_flex
26.749461172,0.195253279790,-0.044100881755,0.079412439579,descend_to_lift,wrist_flex
26.799461172,0.194638434215,-0.043935507576,0.079377537156,descend_to_lift,wrist_flex
26.849461172,0.194023458741,-0.043770098464,0.079345181796,descend_to_lift,wrist_flex
26.899461172,0.193408363204,-0.043604657066,0.079315374016,descend_to_lift,wrist_flex
26.949461172,0.192793157449,-0.043439186029,0.079288114292,descend_to_lift,wrist_flex
26.999461172,0.192177851317,-0.043273688001,0.079263403062,descend_to_lift,wrist_flex
27.049461172,0.191562454653,-0.043108165630,0.079241240720,descend_to_lift,wrist_flex
27.099461172,0.190946977304,-0.042942621564,0.079221627622,descend_to_lift,wrist_flex
27.149461172,0.190331429118,-0.042777058451,0.079204564080,descend_to_lift,wrist_flex
27.199461172,0.189715819943,-0.042611478941,0.079190050368,descend_to_lift,wrist_flex
27.249461172,0.189100159629,-0.042445885683,0.079178086719,descend_to_lift,wrist_flex
27.299461172,0.188484458026,-0.042280281327,0.079168673323,descend_to_lift,wrist_flex
27.349461172,0.187868724986,-0.042114668522,0.079161810332,descend_to_lift,wrist_flex
27.399461172,0.187252970361,-0.041949049917,0.079157497854,descend_to_lift,wrist_flex
27.449461172,0.186637204002,-0.041783428164,0.079155735960,descend_to_lift,wrist_flex
27.499461172,0.186021435761,-0.041617805911,0.079156524676,descend_to_lift,wrist_flex
27.549461172,0.185405675492,-0.041452185809,0.079159863991,descend_to_lift,wrist_flex
27.599461172,0.184789933046,-0.041286570508,0.079165753852,descend_to_lift,wrist_flex
27.649461172,0.184174218275,-0.041120962657,0.079174194163,descend_to_lift,wrist_flex
27.699461172,0.183558541031,-0.040955364906,0.079185184791,descend_to_lift,wrist_flex
27.749461172,0.182942911163,-0.040789779905,0.079198725558,descend_to_lift,wrist_flex
27.799461172,0.182327338524,-0.040624210303,0.079214816249,descend_to_lift,wrist_flex
27.849461172,0.181714024339,-0.040459248161,0.079233385714,descend_to_lift,wrist_flex
27.899461172,0.181155417540,-0.040309000584,0.079252503825,descend_to_lift,wrist_flex
27.949461172,0.180673796338,-0.040179459704,0.079270675234,descend_to_lift,wrist_flex
27.999461172,0.180269139315,-0.040070619758,0.079287151651,descend_to_lift,wrist_flex
28.049461172,0.179941425555,-0.039982475120,0.079301304399,descend_to_lift,wrist_flex
28.099461172,0.179690636170,-0.039915020707,0.079312624367,descend_to_lift,wrist_flex
28.149461172,0.179516755524,-0.039868252314,0.079320721969,descend_to_lift,wrist_flex
28.199461172,0.179419772173,-0.039842166860,0.079325327099,descend_to_lift,wrist_flex
28.237527182,0.179397489423,-0.039836173506,0.079326394134,descend_to_lift,
28.287527182,0.179397489423,-0.039836173506,0.079326394134,descend_to_lift,
28.337527182,0.179397489423,-0.039836173506,0.079326394134,descend_to_lift,
28.387527182,0.179397489423,-0.039836173506,0.079326394134,descend_to_lift,
28.437527182,0.179397489423,-0.039836173506,0.079326394134,descend_to_lift,
28.487527182,0.179397466084,-0.039836835272,0.079326394434,descend_to_lift,
28.537527182,0.179397466084,-0.039836835272,0.079326394434,descend_to_lift_to_next,
28.587527182,0.179397466084,-0.039836835272,0.079326394434,descend_to_lift_to_next,
28.637527182,0.179397466084,-0.039836835272,0.079326394434,descend_to_lift_to_next,
28.687527182,0.179397466084,-0.039836835272,0.079326394434,descend_to_lift_to_next,
28.737527182,0.179397466084,-0.039836835272,0.079326394434,descend_to_lift_to_next,
28.787527182,0.179397466084,-0.039836835272,0.079326394434,descend_to_lift_to_next,
28.837527182,0.179397466084,-0.039836835272,0.079326394434,descend_to_lift_to_next,
28.887527182,0.179397466084,-0.039836835272,0.079326394434,descend_to_lift_to_next,
28.937527182,0.179397466084,-0.039836835272,0.079326394434,descend_to_lift_to_next,
28.987527182,0.179397466084,-0.039836835272,0.079326394434,descend_to_lift_to_next,
29.037527182,0.179387502496,-0.039871974569,0.079326394341,lift_to_place,shoulder_pan
29.087527182,0.179357559028,-0.039977377497,0.079326394061,lift_to_place,shoulder_pan
29.137527182,0.179307477604,-0.040152999042,0.079326393595,lift_to_place,shoulder_pan
29.187527182,0.179236994888,-0.040398763744,0.079326392943,lift_to_place,shoulder_pan
29.237527182,0.179145742476,-0.040714565031,0.079326392105,lift_to_place,shoulder_pan
29.287527182,0.179033247163,-0.041100264310,0.079326391082,lift_to_place,shoulder_pan
29.337527182,0.178898931294,-0.041555689776,0.079326389873,lift_to_place,shoulder_pan
29.387527182,0.178742113204,-0.042080634975,0.079326388480,lift_to_place,shoulder_pan
29.437527182,0.178572672075,-0.042639924091,0.079326386996,lift_to_place,shoulder_pan
29.487527182,0.178400995152,-0.043198530970,0.079326385514,lift_to_place,shoulder_pan
29.537527182,0.178227085180,-0.043756446675,0.079326384033,lift_to_place,shoulder_pan
29.587527182,0.178050944943,-0.044313662278,0.079326382555,lift_to_place,shoulder_pan
29.637527182,0.177872577258,-0.044870168864,0.079326381078,lift_to_place,shoulder_pan
29.687527182,0.177691984980,-0.045425957530,0.079326379603,lift_to_place,shoulder_pan
29.737527182,0.177509170998,-0.045981019382,0.079326378130,lift_to_place,shoulder_pan
29.787527182,0.177324138237,-0.046535345539,0.079326376659,lift_to_place,shoulder_pan
29.837527182,0.177136889658,-0.047088927133,0.079326375190,lift_to_place,shoulder_pan
29.887527182,0.176947428256,-0.047641755306,0.079326373723,lift_to_place,shoulder_pan
29.937527182,0.176755757063,-0.048193821213,0.079326372258,lift_to_place,shoulder_pan
29.987527182,0.176561879145,-0.048745116020,0.079326370795,lift_to_place,shoulder_pan
30.037527182,0.176365797606,-0.049295630908,0.079326369335,lift_to_place,shoulder_pan
30.087527182,0.176167515581,-0.049845357067,0.079326367876,lift_to_place,shoulder_pan
30.137527182,0.175967036244,-0.050394285703,0.079326366419,lift_to_place,shoulder_pan
30.187527182,0.175764362802,-0.050942408032,0.079326364965,lift_to_place,shoulder_pan
30.237527182,0.175559498497,-0.051489715284,0.079326363512,lift_to_place,shoulder_pan
30.287527182,0.175352446609,-0.052036198703,0.079326362062,lift_to_place,shoulder_pan
30.337527182,0.175143210449,-0.052581849545,0.079326360614,lift_to_place,shoulder_pan
30.387527182,0.174931793365,-0.053126659079,0.079326359169,lift_to_place,shoulder_pan
30.437527182,0.174718198741,-0.053670618588,0.079326357725,lift_to_place,shoulder_pan
30.487527182,0.174502429993,-0.054213719370,0.079326356284,lift_to_place,shoulder_pan
30.537527182,0.174284490574,-0.054755952734,0.079326354845,lift_to_place,shoulder_pan
30.587527182,0.174064383970,-0.055297310005,0.079326353409,lift_to_place,shoulder_pan
30.637527182,0.173842113704,-0.055837782521,0.079326351974,lift_to_place,shoulder_pan
30.687527182,0.173617683332,-0.056377361634,0.079326350543,lift_to_place,shoulder_pan
30.737527182,0.173391096445,-0.056916038712,0.079326349113,lift_to_place,shoulder_pan
30.787527182,0.173162356668,-0.057453805135,0.079326347686,lift_to_place,shoulder_pan
30.837527182,0.172931467661,-0.057990652300,0.079326346262,lift_to_place,shoulder_pan
30.887527182,0.172698433118,-0.058526571616,0.079326344839,lift_to_place,shoulder_pan
30.937527182,0.172463256768,-0.059061554509,0.079326343420,lift_to_place,shoulder_pan
30.987527182,0.172225942373,-0.059595592419,0.079326342003,lift_to_place,shoulder_pan
31.037527182,0.171986493731,-0.060128676802,0.079326340588,lift_to_place,shoulder_pan
31.087527182,0.171744914672,-0.060660799129,0.079326339176,lift_to_place,shoulder_pan
31.137527182,0.171501209063,-0.061191950884,0.079326337767,lift_to_place,shoulder_pan
31.187527182,0.171255380802,-0.061722123571,0.079326336360,lift_to_place,shoulder_pan
31.237527182,0.171007552234,-0.062251057292,0.079326334956,lift_to_place,shoulder_pan
31.287527182,0.170775918660,-0.062740510001,0.079326333657,lift_to_place,shoulder_pan
31.337527182,0.170574070638,-0.063163239339,0.079326332536,lift_to_place,shoulder_pan
31.387527182,0.170402644412,-0.063519543572,0.079326331590,lift_to_place,shoulder_pan
31.437527182,0.170262175758,-0.063809677097,0.079326330820,lift_to_place,shoulder_pan
31.487527182,0.170153100610,-0.064033849095,0.079326330225,lift_to_place,shoulder_pan
31.537527182,0.170075755584,-0.064192222441,0.079326329805,lift_to_place,shoulder_pan
31.587527182,0.170030378384,-0.064284912863,0.079326329559,lift_to_place,shoulder_pan
31.633165800,0.170016985751,-0.064312237875,0.079326329487,lift_to_place,
31.683165800,0.170016985751,-0.064312237875,0.079326329487,lift_to_place,
31.733165800,0.170016985751,-0.064312237875,0.079326329487,lift_to_place,
31.783165800,0.170016985751,-0.064312237875,0.079326329487,lift_to_place,
31.833165800,0.170016985751,-0.064312237875,0.079326329487,lift_to_place,
31.883165800,0.170008561224,-0.064308246953,0.079297409177,lift_to_place,shoulder_lift
31.933165800,0.169983248441,-0.064296255620,0.079210662244,lift_to_place,shoulder_lift
31.983165800,0.169940929835,-0.064276208180,0.079066130783,lift_to_place,shoulder_lift
32.033165800,0.169881409560,-0.064248011860,0.078863885314,lift_to_place,shoulder_lift
32.083165800,0.169804413661,-0.064211536880,0.078604025325,lift_to_place,shoulder_lift
32.133165800,0.169709590293,-0.064166616567,0.078286680025,lift_to_place,shoulder_lift
32.183165800,0.169596510019,-0.064113047490,0.077912009322,lift_to_place,shoulder_lift
32.233165800,0.169464666179,-0.064050589636,0.077480205003,lift_to_place,shoulder_lift
32.283165800,0.169322420858,-0.063983204344,0.077020220234,lift_to_place,shoulder_lift
32.333165800,0.169178513877,-0.063915031898,0.076560868739,lift_to_place,shoulder_lift
32.383165800,0.169032947539,-0.063846073387,0.076102157869,lift_to_place,shoulder_lift
32.433165800,0.168885724173,-0.063776329915,0.075644094963,lift_to_place,shoulder_lift
32.483165800,0.168736846135,-0.063705802598,0.075186687350,lift_to_place,shoulder_lift
32.533165800,0.168586315806,-0.063634492564,0.074729942349,lift_to_place,shoulder_lift
32.583165800,0.168434135596,-0.063562400954,0.074273867267,lift_to_place,shoulder_lift
32.633165800,0.168280307938,-0.063489528922,0.073818469401,lift_to_place,shoulder_lift
32.683165800,0.168124835295,-0.063415877634,0.073363756039,lift_to_place,shoulder_lift
32.733165800,0.167967720154,-0.063341448267,0.072909734455,lift_to_place,shoulder_lift
32.783165800,0.167808965028,-0.063266242014,0.072456411913,lift_to_place,shoulder_lift
32.833165800,0.167648572458,-0.063190260076,0.072003795668,lift_to_place,shoulder_lift
32.883165800,0.167486545010,-0.063113503671,0.071551892960,lift_to_place,shoulder_lift
32.933165800,0.167322885276,-0.063035974025,0.071100711020,lift_to_place,shoulder_lift
32.983165800,0.167157595876,-0.062957672380,0.070650257067,lift_to_place,shoulder_lift
33.033165800,0.166990679453,-0.062878599989,0.070200538309,lift_to_place,shoulder_lift
33.083165800,0.166822138678,-0.062798758115,0.069751561940,lift_to_place,shoulder_lift
33.133165800,0.166651976248,-0.062718148038,0.069303335145,lift_to_place,shoulder_lift
33.183165800,0.166480194886,-0.062636771046,0.068855865095,lift_to_place,shoulder_lift
33.233165800,0.166306797340,-0.062554628442,0.068409158949,lift_to_place,shoulder_lift
33.283165800,0.166131786384,-0.062471721540,0.067963223855,lift_to_place,shoulder_lift
33.333165800,0.165955164819,-0.062388051667,0.067518066947,lift_to_place,shoulder_lift
33.383165800,0.165776935471,-0.062303620161,0.067073695349,lift_to_place,shoulder_lift
33.433165800,0.165597101190,-0.062218428372,0.066630116171,lift_to_place,shoulder_lift
33.483165800,0.165415664855,-0.062132477665,0.066187336508,lift_to_place,shoulder_lift
33.533165800,0.165232629368,-0.062045769415,0.065745363447,lift_to_place,shoulder_lift
33.583165800,0.165047997659,-0.061958305008,0.065304204058,lift_to_place,shoulder_lift
33.633165800,0.164861772681,-0.061870085844,0.064863865400,lift_to_place,shoulder_lift
33.683165800,0.164673957413,-0.061781113335,0.064424354518,lift_to_place,shoulder_lift
33.733165800,0.164484554861,-0.061691388904,0.063985678445,lift_to_place,shoulder_lift
33.783165800,0.164293568056,-0.061600913987,0.063547844200,lift_to_place,shoulder_lift
33.833165800,0.164101000052,-0.061509690032,0.063110858787,lift_to_place,shoulder_lift
33.883165800,0.163906853932,-0.061417718497,0.062674729199,lift_to_place,shoulder_lift
33.933165800,0.163711132801,-0.061325000855,0.062239462413,lift_to_place,shoulder_lift
33.983165800,0.163513839791,-0.061231538589,0.061805065394,lift_to_place,shoulder_lift
34.033165800,0.163314978058,-0.061137333194,0.061371545092,lift_to_place,shoulder_lift
34.083165800,0.163114550785,-0.061042386178,0.060938908444,lift_to_place,shoulder_lift
34.133165800,0.162912561179,-0.060946699060,0.060507162371,lift_to_place,shoulder_lift
34.183165800,0.162709012470,-0.060850273370,0.060076313782,lift_to_place,shoulder_lift
34.233165800,0.162503907916,-0.060753110653,0.059646369570,lift_to_place,shoulder_lift
34.283165800,0.162297250799,-0.060655212461,0.059217336614,lift_to_place,shoulder_lift
34.333165800,0.162089044425,-0.060556580362,0.058789221779,lift_to_place,shoulder_lift
34.383165800,0.161879292125,-0.060457215934,0.058362031915,lift_to_place,shoulder_lift
34.433165800,0.161667997256,-0.060357120766,0.057935773856,lift_to_place,shoulder_lift
34.483165800,0.161455163197,-0.060256296461,0.057510454423,lift_to_place,shoulder_lift
34.533165800,0.161240793355,-0.060154744630,0.057086080421,lift_to_place,shoulder_lift
34.583165800,0.161024891160,-0.060052466900,0.056662658639,lift_to_place,shoulder_lift
34.633165800,0.160807460065,-0.059949464906,0.056240195854,lift_to_place,shoulder_lift
34.683165800,0.160588503550,-0.059845740297,0.055818698823,lift_to_place,shoulder_lift
34.733165800,0.160368025117,-0.059741294732,0.055398174291,lift_to_place,shoulder_lift
34.783165800,0.160146028296,-0.059636129882,0.054978628986,lift_to_place,shoulder_lift
34.833165800,0.159922516637,-0.059530247430,0.054560069621,lift_to_place,shoulder_lift
34.883165800,0.159697493717,-0.059423649071,0.054142502894,lift_to_place,shoulder_lift
34.933165800,0.159470963135,-0.059316336508,0.053725935484,lift_to_place,shoulder_lift
34.983165800,0.159242928518,-0.059208311461,0.053310374057,lift_to_place,shoulder_lift
35.033165800,0.159013393512,-0.059099575656,0.052895825263,lift_to_place,shoulder_lift
35.083165800,0.158782361792,-0.058990130834,0.052482295733,lift_to_place,shoulder_lift
35.133165800,0.158549837052,-0.058879978746,0.052069792084,lift_to_place,shoulder_lift
35.183165800,0.158315823014,-0.058769121154,0.051658320917,lift_to_place,shoulder_lift
35.233165800,0.158080323422,-0.058657559832,0.051247888814,lift_to_place,shoulder_lift
35.283165800,0.157843342044,-0.058545296566,0.050838502344,lift_to_place,shoulder_lift
35.333165800,0.157618979022,-0.058439010899,0.050454207063,lift_to_place,shoulder_lift
35.383165800,0.157423348268,-0.058346336343,0.050121694829,lift_to_place,shoulder_lift
35.433165800,0.157256915079,-0.058267493316,0.049840665910,lift_to_place,shoulder_lift
35.483165800,0.157120061748,-0.058202662914,0.049610846315,lift_to_place,shoulder_lift
35.533165800,0.157013100567,-0.058151993077,0.049432010159,lift_to_place,shoulder_lift
35.583165800,0.156936274339,-0.058115598824,0.049303980534,lift_to_place,shoulder_lift
35.633165800,0.156889756771,-0.058093562441,0.049226630176,lift_to_place,shoulder_lift
35.683165800,0.156873652763,-0.058085933623,0.049199881949,lift_to_place,shoulder_lift
35.684609584,0.156873640066,-0.058085927608,0.049199860865,lift_to_place,
35.734609584,0.156873640066,-0.058085927608,0.049199860865,lift_to_place,
35.784609584,0.156873640066,-0.058085927608,0.049199860865,lift_to_place,
35.834609584,0.156873640066,-0.058085927608,0.049199860865,lift_to_place,
35.884609584,0.156873640066,-0.058085927608,0.049199860865,lift_to_place,
35.934609584,0.156914676096,-0.058105367139,0.049220120236,lift_to_place,elbow_flex
35.984609584,0.157037756703,-0.058163672715,0.049280966451,lift_to_place,elbow_flex
36.034609584,0.157242799291,-0.058260805207,0.049382603741,lift_to_place,elbow_flex
36.084609584,0.157529665682,-0.058396699160,0.049525372238,lift_to_place,elbow_flex
36.134609584,0.157898161355,-0.058571262427,0.049709747591,lift_to_place,elbow_flex
36.184609584,0.158348034369,-0.058784375661,0.049936340423,lift_to_place,elbow_flex
36.234609584,0.158878973987,-0.059035891662,0.050205895630,lift_to_place,elbow_flex
36.284609584,0.159490608994,-0.059325634583,0.050519291514,lift_to_place,elbow_flex
36.334609584,0.160141844059,-0.059634136798,0.050856375322,lift_to_place,elbow_flex
36.384609584,0.160791855387,-0.059942059316,0.051196338872,lift_to_place,elbow_flex
36.434609584,0.161440632581,-0.060249397211,0.051539176723,lift_to_place,elbow_flex
36.484609584,0.162088165258,-0.060556145564,0.051884883390,lift_to_place,elbow_flex
36.534609584,0.162734443058,-0.060862299468,0.052233453342,lift_to_place,elbow_flex
36.584609584,0.163379455641,-0.061167854025,0.052584881002,lift_to_place,elbow_flex
36.634609584,0.164023192687,-0.061472804345,0.052939160747,lift_to_place,elbow_flex
36.684609584,0.164665643896,-0.061777145549,0.053296286909,lift_to_place,elbow_flex
36.734609584,0.165306798989,-0.062080872768,0.053656253773,lift_to_place,elbow_flex
36.784609584,0.165946647707,-0.062383981143,0.054019055581,lift_to_place,elbow_flex
36.834609584,0.166585179812,-0.062686465823,0.054384686526,lift_to_place,elbow_flex
36.884609584,0.167222385089,-0.062988321968,0.054753140760,lift_to_place,elbow_flex
36.934609584,0.167858253342,-0.063289544750,0.055124412386,lift_to_place,elbow_flex
36.984609584,0.168492774397,-0.063590129348,0.055498495465,lift_to_place,elbow_flex
37.034609584,0.169125938102,-0.063890070953,0.055875384012,lift_to_place,elbow_flex
37.084609584,0.169757734326,-0.064189364766,0.056255071995,lift_to_place,elbow_flex
37.134609584,0.170388152960,-0.064488005999,0.056637553341,lift_to_place,elbow_flex
37.184609584,0.171017183918,-0.064785989873,0.057022821929,lift_to_place,elbow_flex
37.234609584,0.171644817135,-0.065083311620,0.057410871594,lift_to_place,elbow_flex
37.284609584,0.172271042569,-0.065379966483,0.057801696130,lift_to_place,elbow_flex
37.334609584,0.172895850201,-0.065675949717,0.058195289281,lift_to_place,elbow_flex
37.384609584,0.173519230034,-0.065971256584,0.058591644751,lift_to_place,elbow_flex
37.434609584,0.174141172093,-0.066265882360,0.058990756197,lift_to_place,elbow_flex
37.484609584,0.174761666427,-0.066559822332,0.059392617235,lift_to_place,elbow_flex
37.534609584,0.175380703109,-0.066853071796,0.059797221435,lift_to_place,elbow_flex
37.584609584,0.175998272234,-0.067145626059,0.060204562322,lift_to_place,elbow_flex
37.634609584,0.176614363921,-0.067437480442,0.060614633379,lift_to_place,elbow_flex
37.684609584,0.177228968313,-0.067728630275,0.061027428045,lift_to_place,elbow_flex
37.734609584,0.177842075575,-0.068019070899,0.061442939716,lift_to_place,elbow_flex
37.784609584,0.178453675899,-0.068308797667,0.061861161743,lift_to_place,elbow_flex
37.834609584,0.179063759498,-0.068597805944,0.062282087435,lift_to_place,elbow_flex
37.884609584,0.179672316611,-0.068886091105,0.062705710057,lift_to_place,elbow_flex
37.934609584,0.180279337502,-0.069173648538,0.063132022831,lift_to_place,elbow_flex
37.984609584,0.180884812457,-0.069460473641,0.063561018936,lift_to_place,elbow_flex
38.034609584,0.181488731790,-0.069746561827,0.063992691507,lift_to_place,elbow_flex
38.084609584,0.182091085838,-0.070031908517,0.064427033639,lift_to_place,elbow_flex
38.134609584,0.182691864963,-0.070316509146,0.064864038382,lift_to_place,elbow_flex
38.184609584,0.183291059552,-0.070600359160,0.065303698744,lift_to_place,elbow_flex
38.234609584,0.183888660019,-0.070883454017,0.065746007690,lift_to_place,elbow_flex
38.284609584,0.184484656801,-0.071165789189,0.066190958143,lift_to_place,elbow_flex
38.334609584,0.185079040364,-0.071447360157,0.066638542984,lift_to_place,elbow_flex
38.384609584,0.185671801197,-0.071728162417,0.067088755052,lift_to_place,elbow_flex
38.434609584,0.186262929815,-0.072008191476,0.067541587143,lift_to_place,elbow_flex
38.484609584,0.186852416761,-0.072287442853,0.067997032013,lift_to_place,elbow_flex
38.534609584,0.187440252602,-0.072565912080,0.068455082373,lift_to_place,elbow_flex
38.584609584,0.188026427934,-0.072843594703,0.068915730895,lift_to_place,elbow_flex
38.634609584,0.188610933378,-0.073120486277,0.069378970209,lift_to_place,elbow_flex
38.684609584,0.189193759582,-0.073396582372,0.069844792903,lift_to_place,elbow_flex
38.734609584,0.189774897220,-0.073671878572,0.070313191524,lift_to_place,elbow_flex
38.784609584,0.190354336994,-0.073946370471,0.070784158577,lift_to_place,elbow_flex
38.834609584,0.190932069633,-0.074220053678,0.071257686528,lift_to_place,elbow_flex
38.884609584,0.191508085894,-0.074492923813,0.071733767798,lift_to_place,elbow_flex
38.934609584,0.192082376560,-0.074764976511,0.072212394772,lift_to_place,elbow_flex
38.984609584,0.192654932443,-0.075036207419,0.072693559792,lift_to_place,elbow_flex
39.034609584,0.193225744381,-0.075306612197,0.073177255158,lift_to_place,elbow_flex
39.084609584,0.193794803243,-0.075576186518,0.073663473131,lift_to_place,elbow_flex
39.134609584,0.194362099922,-0.075844926070,0.074152205932,lift_to_place,elbow_flex
39.184609584,0.194927625342,-0.076112826553,0.074643445742,lift_to_place,elbow_flex
39.234609584,0.195491370454,-0.076379883680,0.075137184700,lift_to_place,elbow_flex
39.284609584,0.196053326240,-0.076646093178,0.075633414906,lift_to_place,elbow_flex
39.334609584,0.196613483707,-0.076911450788,0.076132128422,lift_to_place,elbow_flex
39.384609584,0.197171833893,-0.077175952265,0.076633317267,lift_to_place,elbow_flex
39.434609584,0.197726415601,-0.077438668550,0.077135199452,lift_to_place,elbow_flex
39.484609584,0.198230097133,-0.077677272427,0.077594571959,lift_to_place,elbow_flex
39.534609584,0.198663215776,-0.077882449280,0.077992318167,lift_to_place,elbow_flex
39.584609584,0.199026306300,-0.078054452435,0.078327715141,lift_to_place,elbow_flex
39.634609584,0.199319820715,-0.078193496017,0.078600157778,lift_to_place,elbow_flex
39.684609584,0.199544126898,-0.078299754292,0.078809157563,lift_to_place,elbow_flex
39.734609584,0.199699507486,-0.078373361151,0.078954341562,lift_to_place,elbow_flex
39.784609584,0.199786159031,-0.078414409703,0.079035451632,lift_to_place,elbow_flex
39.822754411,0.199806119331,-0.078423865292,0.079054150171,lift_to_place,
39.872754411,0.199806119331,-0.078423865292,0.079054150171,lift_to_place,
39.922754411,0.199806119331,-0.078423865292,0.079054150171,lift_to_place,
39.972754411,0.199806119331,-0.078423865292,0.079054150171,lift_to_place,
40.022754411,0.199806119331,-0.078423865292,0.079054150171,lift_to_place,
40.072754411,0.199770130851,-0.078406816930,0.079055722799,lift_to_place,wrist_flex
40.122754411,0.199662167556,-0.078355672862,0.079060500417,lift_to_place,wrist_flex
40.172754411,0.199482236025,-0.078270436203,0.079068662216,lift_to_place,wrist_flex
40.222754411,0.199270427722,-0.078170098971,0.079078589445,lift_to_place,wrist_flex
40.272754411,0.199125962681,-0.078101663399,0.079085558573,lift_to_place,wrist_flex
40.322754411,0.199053464746,-0.078067319882,0.079089116522,lift_to_place,wrist_flex
40.348126560,0.199044199773,-0.078062930905,0.079089574133,lift_to_place,
40.398126560,0.199044199773,-0.078062930905,0.079089574133,lift_to_place,
40.448126560,0.199044199773,-0.078062930905,0.079089574133,lift_to_place,
40.498126560,0.199044199773,-0.078062930905,0.079089574133,lift_to_place,
40.548126560,0.199044199773,-0.078062930905,0.079089574133,lift_to_place,
40.598126560,0.199043778755,-0.078064861278,0.079089575761,lift_to_place,wrist_roll
40.648126560,0.199042518599,-0.078070653028,0.079089580658,lift_to_place,wrist_roll
40.698126560,0.199040427992,-0.078080308039,0.079089588855,lift_to_place,wrist_roll
40.748126560,0.199037521420,-0.078093829429,0.079089600405,lift_to_place,wrist_roll
40.798126560,0.199033819177,-0.078111221511,0.079089615382,lift_to_place,wrist_roll
40.848126560,0.199029347370,-0.078132489744,0.079089633882,lift_to_place,wrist_roll
40.898126560,0.199024137936,-0.078157640666,0.079089656021,lift_to_place,wrist_roll
40.948126560,0.199018228659,-0.078186681817,0.079089681938,lift_to_place,wrist_roll
40.998126560,0.199012045514,-0.078217683233,0.079089710019,lift_to_place,wrist_roll
41.048126560,0.199005986423,-0.078248709134,0.079089738552,lift_to_place,wrist_roll
41.098126560,0.199000051483,-0.078279759022,0.079089767535,lift_to_place,wrist_roll
41.148126560,0.198994240789,-0.078310832400,0.079089796968,lift_to_place,wrist_roll
41.198126560,0.198988554434,-0.078341928773,0.079089826852,lift_to_place,wrist_roll
41.248126560,0.198982992509,-0.078373047641,0.079089857184,lift_to_place,wrist_roll
41.298126560,0.198977555103,-0.078404188507,0.079089887966,lift_to_place,wrist_roll
41.348126560,0.198972242303,-0.078435350874,0.079089919195,lift_to_place,wrist_roll
41.398126560,0.198967054194,-0.078466534241,0.079089950873,lift_to_place,wrist_roll
41.448126560,0.198961990859,-0.078497738111,0.079089982998,lift_to_place,wrist_roll
41.498126560,0.198957052379,-0.078528961984,0.079090015569,lift_to_place,wrist_roll
41.548126560,0.198952238833,-0.078560205361,0.079090048587,lift_to_place,wrist_roll
41.598126560,0.198947550298,-0.078591467741,0.079090082051,lift_to_place,wrist_roll
41.648126560,0.198942986849,-0.078622748625,0.079090115960,lift_to_place,wrist_roll
41.698126560,0.198938548559,-0.078654047511,0.079090150313,lift_to_place,wrist_roll
41.748126560,0.198934235500,-0.078685363900,0.079090185111,lift_to_place,wrist_roll
41.798126560,0.198930047739,-0.078716697290,0.079090220352,lift_to_place,wrist_roll
41.848126560,0.198925985344,-0.078748047179,0.079090256036,lift_to_place,wrist_roll
41.898126560,0.198922048381,-0.078779413067,0.079090292163,lift_to_place,wrist_roll
41.948126560,0.198918236912,-0.078810794451,0.079090328732,lift_to_place,wrist_roll
41.998126560,0.198914550997,-0.078842190829,0.079090365741,lift_to_place,wrist_roll
42.048126560,0.198910990697,-0.078873601699,0.079090403192,lift_to_place,wrist_roll
42.098126560,0.198907556068,-0.078905026559,0.079090441082,lift_to_place,wrist_roll
42.148126560,0.198904247165,-0.078936464904,0.079090479412,lift_to_place,wrist_roll
42.198126560,0.198901064041,-0.078967916234,0.079090518181,lift_to_place,wrist_roll
42.248126560,0.198898006746,-0.078999380043,0.079090557388,lift_to_place,wrist_roll
42.298126560,0.198895075330,-0.079030855830,0.079090597033,lift_to_place,wrist_roll
42.348126560,0.198892269840,-0.079062343089,0.079090637115,lift_to_place,wrist_roll
42.398126560,0.198889590321,-0.079093841318,0.079090677633,lift_to_place,wrist_roll
42.448126560,0.198887036815,-0.079125350013,0.079090718586,lift_to_place,wrist_roll
42.498126560,0.198884609363,-0.079156868668,0.079090759975,lift_to_place,wrist_roll
42.548126560,0.198882308004,-0.079188396781,0.079090801798,lift_to_place,wrist_roll
42.598126560,0.198880132775,-0.079219933846,0.079090844055,lift_to_place,wrist_roll
42.648126560,0.198878083711,-0.079251479360,0.079090886744,lift_to_place,wrist_roll
42.698126560,0.198876160845,-0.079283032816,0.079090929867,lift_to_place,wrist_roll
42.748126560,0.198874395630,-0.079314021921,0.079090972628,lift_to_place,wrist_roll
42.798126560,0.198872932936,-0.079341491891,0.079091010872,lift_to_place,wrist_roll
42.848126560,0.198871756358,-0.079365019877,0.079091043882,lift_to_place,wrist_roll
42.898126560,0.198870830614,-0.079384603898,0.079091071537,lift_to_place,wrist_roll
42.948126560,0.198870126336,-0.079400242438,0.079091093737,lift_to_place,wrist_roll
42.998126560,0.198869620068,-0.079411934372,0.079091110402,lift_to_place,wrist_roll
43.048126560,0.198869294274,-0.079419678912,0.079091121472,lift_to_place,wrist_roll
43.098126560,0.198869137338,-0.079423475559,0.079091126908,lift_to_place,wrist_roll
43.121208141,0.198869120062,-0.079423896244,0.079091127511,lift_to_place,
43.171208141,0.198869120062,-0.079423896244,0.079091127511,lift_to_place,
43.221208141,0.198869120062,-0.079423896244,0.079091127511,lift_to_place,
43.271208141,0.198869120062,-0.079423896244,0.079091127511,lift_to_place,
43.321208141,0.198869120062,-0.079423896244,0.079091127511,lift_to_place,
